q_id,questions,answer,Faithfulness,Answer_Relevancy,Contextual_Recall,Contextual_Precision,Contextual_Relevancy
1,我不想要紙本帳單了，想改用手機收簡訊看水費，要去哪裡登記？,無法回答。,1.0,0.0,0.0,0,0.0
2,家裡的水龍頭打開有一股像游泳池的味道，這是不是水質有問題？,無法回答。,1.0,0.0,0.0,0,0.3333333333333333
3,浴室地板看到紅色的線蟲在動，是自來水管裡面爬出來的嗎？會不會生病？,"根據您提供的情況，浴室地板上出現的 3 公分左右、呈紅色且像細線一樣蠕動的「蟲」，多半不是自來水管內部的生物，也不太可能是水管本身「長出」的。以下說明與建議，供您參考：

### 1. 這類紅色線狀蟲的常見來源
| 可能的生物 | 特徵說明 | 為何會出現在浴室 |
|-----------|----------|-------------------|
| **血蟲（血紅線蟲）**<br>或稱 **蛆蚊幼蟲** | 紅色或淡粉色、身體細長、可蠕動，約 1–3 cm。喜歡較潮濕、缺氧的環境。 | 浴室使用後留下的積水、排水口或地面凹槽積水，提供適合的繁殖場所。 |
| **水蚤、蛆蚊幼蟲** | 透明或淡紅，常在靜止的淡水中出現。 | 同上，若排水不暢或有水滯留，會形成小型「水塘」讓它們孵化。 |
| **黏液或污垢** | 有時污垢在潮濕環境中會形成細長的黏液條，誤以為是「蟲」。 | 可能是肥皂、洗髮精殘留物在水中凝結。 |

> **重點**：這類生物大多是**外部環境**（如積水、排水口）所吸引或孵化，而非自來水管內部的「寄生」或「長出」的情況。自來水在供應過程中會經過消毒（氯化或紫外線），不太會直接帶有活體蠕蟲。

### 2. 是否會影響健康？

| 項目 | 可能影響 | 說明 |
|------|----------|------|
| **直接接觸** | 輕微刺激或過敏 | 皮膚若有傷口接觸到大量蚊幼蟲或血蟲，可能會有輕微的刺激感或過敏反應。 |
| **誤食** | 低風險 | 若不小心將此類生物吞下，通常不會造成嚴重健康問題，因為它們多為無害的淡水昆蟲幼蟲。 |
| **水質指標** | 可能是水質警訊 | 這類生物的出現多表示**浴室或排水系統有長時間積水**，而非自來水本身的衛生問題。但若同時伴隨異味、渾濁或顏色改變，建議檢測水質（如氯含量、細菌指標）。 |

總結：**單純看到這條紅色線蟲**，對人體健康的直接威脅相對較低，主要需要關注的是**環境衛生**與**積水的根除**。

### 3. 處理與預防建議

1. **立即清除**  
   - 使用手套或紙巾將蠕動的蟲體撿起，丟入密封垃圾袋。  
   - 用**熱水**（約 60 ℃ 以上）沖洗該區域，讓殘留的卵或幼蟲被高溫殺死。

2. **徹底乾燥**  
   - 完全擦乾浴室地板，特別是排水口、角落與凹槽。  
   - 如有通風不良的情況，可使用除濕機或風扇加速乾燥。

3. **檢查排水系統**  
   - 確認**排水口沒有阻塞**，防止水滯留。  
   - 若排水口常有髒污或黏膜，可使用市售的**排水口清潔劑**（含酶或鹼性成分）清理，或自行倒入 **小蘇打＋白醋**，再沖熱水。

4. **防止再次積水**  
   - 洗澡後盡量**把浴缸或淋浴間的水排乾**，不要讓水停留過久。  
   - 若浴室防水層老化、地面有凹陷，建議請專業師傅**重新做防水或填補凹陷**。

5. **水質檢測**（如仍有疑慮）  
   - 可以向所在地的自來水公司或地方衛生局申請**簡易水質檢測**（氯含量、總大腸桿菌等），確認供水本身是否符合標準。  
   - 若檢測結果顯示水質異常，請依照水公司指示**加裝家用濾水設備**或暫時使用瓶裝水。

6. **若出現不適**  
   - 若接觸後皮膚出現紅腫、癢痛或呼吸道過敏症狀，建議**就醫**並告知醫師可能的接觸源。

### 4. 常見問答

| 問題 | 解答 |
|------|------|
| **這是自來水管裡的蟲嗎？** | 大多不是。自來水在供應過程中已經消毒，管內不會有活體蠕蟲。蟲通常是因為浴室積水、排水口黏附的卵或幼蟲。 |
| **喝到這種蟲會不會生病？** | 風險相當低，偶爾誤吞不會造成嚴重問題。但為保安全，建議**避免飲用未經處理的積水**。 |
| **要不要報給自來水公司？** | 若您只在浴室看到，且自來水本身沒有異味、渾濁，通常不需要報修。但如果同時出現**水壓低、異味、顏色改變**，可聯絡自來水公司檢查供水管路與水質。 |
| **如何防止類似情況再次發生？** | - 保持浴室乾燥<br>- 定期清理排水口<br>- 確保防水層完整<br>- 如有長時間不使用浴室，請定期通風與排水。 |

---

**簡單步驟總結**  
1. 撿起並棄置紅色線蟲。  
2. 用熱水沖洗並徹底擦乾浴室。  
3. 清理排水口、避免積水。  
4. 如有水質疑慮，申請檢測或聯絡自來水公司。  

若您在執行上述步驟後仍發現大量蟲體或伴隨其他異常（如水味、顏色變化），建議**請專業水電或衛生檢測單位現場評估**。祝您生活舒適，水質安心！",0.0,0.0,0.0,1.0,0.6666666666666666
4,水費單已經過期幾天了，還可以直接去7-11繳錢嗎？還是要去水公司？,"根據【參考資料】的說明，**自來水費用只能在本公司各服務、營運所（即水公司設立的繳費窗口）繳納**。  

- **水費單過期幾天**：逾期並不會立即失效，只要在逾期期間內前往水公司的服務所或營運所繳費，仍可正常結清。  
- **7‑11 便利商店**：參考資料中並未提及可於 7‑11 或其他便利商店繳費，因此依照目前的規定，**不建議**直接前往 7‑11 繳費。  

### 建議的繳費方式
| 繳費管道 | 說明 |
|----------|------|
| **水公司服務所／營運所** | 直接前往最近的繳費窗口，使用現金、信用卡或行動支付皆可。 |
| **線上/行動繳費**（若有） | 多數水公司同時提供官網、手機 App、ATM、網路銀行等線上繳費渠道，可在家中完成付款。 |
| **電話客服或客服中心** | 若不確定最近的服務所位置，可先撥打水公司客服電話詢問。 |

### 處理步驟
1. **確認逾期天數**：若僅幾天，仍屬於寬限期，繳費後不會產生罰款或斷水。  
2. **前往最近的服務所**：帶上水費單（即使已過期）或戶號，向櫃檯人員說明要繳納逾期費用。  
3. **保留繳費憑證**：完成繳費後，請保留收據或電子繳費紀錄，以備日後查證。  

> 若您真的想使用便利商店繳費，建議先向水公司客服確認是否已有開放此類通路；若官方尚未提供，則仍以公司服務所繳費為主。",1.0,1.0,0.5,1.0,0.3333333333333333
5,水龍頭流出來的水白白的像牛奶一樣，放一下又變透明，是不是有加什麼化學藥劑？,"**水龍頭出水先呈白濁、稍後變透明的原因**  
（依照您提供的參考資料）

| 現象 | 可能的成因 | 為什麼會出現「白色」或「冒煙」 | 為什麼會在一段時間後變回清澈 |
|------|------------|-------------------------------|------------------------------|
| **白濁、像牛奶的水** | ① **微小氣泡**（空氣、氮氣、氧氣）<br>② **水中溶解的氣體因壓力或溫度變化瞬間釋放 | 水在管路內受到較高壓力，當它從高壓的管道流出、急速減壓時，溶解在水裡的氣體會形成大量微小氣泡，散射光線，使水看起來呈奶白色。 | 氣泡在水面上浮起或在管道內合併成較大氣泡後快速逸散，光的散射消失，水就恢復透明。 |
| **冒「煙」的白霧** | 同上，氣泡在出水口快速形成，光線在氣泡與水的介面上折射，產生類似霧氣的視覺效果。 | 這種「煙」其實是**氣泡雲**，不是蒸氣。當水溫較低或管路內有較多溶解氣時，現象會更明顯。 |
| **黑色或巧克力色的水** | ① **鐵鏽、銅銹**或其他金屬氧化物微粒<br>② **管路內沉積的有機物**（如黴菌、腐殖質）<br>③ **水中懸浮的微細顆粒**（泥沙、腐敗物） | 這些微粒會吸收或散射光，使水呈現暗色。若顏色持續且伴有異味，可能是管路老化或污染，需要檢查。 | 若只是短暫出現，可能是剛開水龍頭時管道內的沉積物被沖刷出來，繼續放水後顏色會逐漸變淡。 |

---

### 為什麼不會是「加了化學藥劑」？

1. **自來水在供應過程中已經完成消毒**（常用氯化或紫外線），但氯的濃度遠低於會讓水變成乳白色的程度。氯主要會產生淡黃色或略帶味道的水，不會造成奶白色的「霧」。
2. **白濁現象是物理性的**（氣泡散射光），而非化學反應產生的沉澱或乳化劑。  
3. 若真的在水中加入了乳化劑或其他化學藥劑，**會持續保持濁度**，不會在放置幾秒鐘後自行變清。

---

### 什麼情況下需要特別注意？

| 情況 | 可能的問題 | 建議的處理方式 |
|------|------------|----------------|
| **白濁持續不消失**（即使放水一段時間仍是奶白） | 可能是管路內有較大量的**空氣滯留**或**管線破損**導致持續進氣。 | 先把所有水龍頭全開放幾分鐘，讓空氣排盡；若仍異常，聯絡自來水公司檢查管線。 |
| **黑色、巧克力色水持續** | 可能是**鐵鏽、銅鏽**或管道內部老化、污染。 | 立即停止使用該水源，向水務單位申請**水質檢測**，必要時更換或維修管路。 |
| **出現異味、異常沉澱**或**水壓明顯下降** | 可能是**水質污染**或**管路堵塞**。 | 盡快聯絡自來水公司或專業水管工，避免長期使用受污染的水。 |

---

### 簡單自行檢測與處理步驟

1. **先放水**：打開水龍頭，先讓水流出 30 秒～1 分鐘，觀察顏色是否恢復透明。  
2. **觀察氣泡**：如果看到許多細小氣泡在水面上升，則屬於正常的「氣泡白濁」現象。  
3. **聞氣味**：若有明顯的氯味或金屬味，記下時間與程度，作為向水公司反映的依據。  
4. **記錄顏色與時間**：拍照或寫下出現白濁、黑色的時間、持續多久，提供給水務單位作為檢測參考。  

---

### 結論

- **白濁、像牛奶的水**大多是**氣泡**造成的暫時現象，放置或持續放水後氣泡會消散，水自然變回透明。  
- **沒有加什麼化學藥劑**，這是物理性散射光的結果。  
- 若濁度、顏色或味道持續不變，或伴隨黑色、巧克力色的水，建議**聯絡自來水公司**進行水質檢測與管線檢查，以確保飲用安全。  

希望以上說明能幫助您了解水龍頭出現白濁的原因，並給予適當的處理建議。如有其他水質或管路相關疑問，歡迎再提出！祝您用水安心、順暢。",0.0,0.0,0.3333333333333333,1.0,1.0
